league,season,season_label,team,player,player_id,appearances,age,age_ref,data_source
GER-Bundesliga,2324,2023/2024,1. FC Heidenheim 1846,Adrian Beck,277999,28,26.81,26.8145106091718,ESPN
GER-Bundesliga,2324,2023/2024,1. FC Heidenheim 1846,Benedikt Gimber,220716,29,27.36,27.359342915811087,ESPN
GER-Bundesliga,2324,2023/2024,1. FC Heidenheim 1846,Christian Kühlwetter,288794,9,28.19,28.191649555099247,ESPN
GER-Bundesliga,2324,2023/2024,1. FC Heidenheim 1846,Denis Thomalla,151122,26,31.87,31.871321013004792,ESPN
GER-Bundesliga,2324,2023/2024,1. FC Heidenheim 1846,Eren Dinkci,312112,33,22.55,22.546201232032853,ESPN
GER-Bundesliga,2324,2023/2024,1. FC Heidenheim 1846,Florian Pick,122397,34,28.89,28.892539356605067,ESPN
GER-Bundesliga,2324,2023/2024,1. FC Heidenheim 1846,Frank Feller,334262,1,20.0,19.99726214921287,ESPN
GER-Bundesliga,2324,2023/2024,1. FC Heidenheim 1846,Jan Schöppner,291798,34,24.57,24.566735112936346,ESPN
GER-Bundesliga,2324,2023/2024,1. FC Heidenheim 1846,Jonas Föhrenbach,220815,33,28.43,28.427104722792606,ESPN
GER-Bundesliga,2324,2023/2024,1. FC Heidenheim 1846,Kevin Müller,149276,34,33.3,33.295003422313485,ESPN
GER-Bundesliga,2324,2023/2024,1. FC Heidenheim 1846,Kevin Sessa,271855,32,24.06,24.06297056810404,ESPN
GER-Bundesliga,2324,2023/2024,1. FC Heidenheim 1846,Lennard Maloney,267798,29,24.89,24.889801505817932,ESPN
GER-Bundesliga,2324,2023/2024,1. FC Heidenheim 1846,Luka Janes,371370,5,20.45,20.44626967830253,ESPN
GER-Bundesliga,2324,2023/2024,1. FC Heidenheim 1846,Marnon Busch,208176,21,29.88,29.883641341546884,ESPN
GER-Bundesliga,2324,2023/2024,1. FC Heidenheim 1846,Marvin Pieringer,312389,31,25.22,25.22381930184805,ESPN
GER-Bundesliga,2324,2023/2024,1. FC Heidenheim 1846,Niklas Beste,231190,31,25.25,25.248459958932237,ESPN
GER-Bundesliga,2324,2023/2024,1. FC Heidenheim 1846,Nikola Dovedan,238281,30,30.06,30.064339493497606,ESPN
GER-Bundesliga,2324,2023/2024,1. FC Heidenheim 1846,Norman Theuerkauf,117279,33,37.43,37.43189596167009,ESPN
GER-Bundesliga,2324,2023/2024,1. FC Heidenheim 1846,Omar-Haktab Traoré,291914,32,26.25,26.245037645448324,ESPN
GER-Bundesliga,2324,2023/2024,1. FC Heidenheim 1846,Patrick Mainka,184075,34,30.05,30.053388090349078,ESPN
GER-Bundesliga,2324,2023/2024,1. FC Heidenheim 1846,Seedy Jarju,367577,1,19.67,19.67145790554415,ESPN
GER-Bundesliga,2324,2023/2024,1. FC Heidenheim 1846,Stefan Schimmer,261221,34,30.17,30.17385352498289,ESPN
GER-Bundesliga,2324,2023/2024,1. FC Heidenheim 1846,Thomas Keller,291737,6,25.15,25.14715947980835,ESPN
GER-Bundesliga,2324,2023/2024,1. FC Heidenheim 1846,Tim Kleindienst,185906,33,28.83,28.83230663928816,ESPN
GER-Bundesliga,2324,2023/2024,1. FC Heidenheim 1846,Tim Siersleben,290208,33,23.82,23.822039698836413,ESPN
GER-Bundesliga,2324,2023/2024,1. FC Heidenheim 1846,Vitus Eicher,149555,33,34.14,34.13826146475017,ESPN
GER-Bundesliga,2324,2023/2024,1. FC Union Berlin,Alex Král,257085,29,26.12,26.116358658453116,ESPN
GER-Bundesliga,2324,2023/2024,1. FC Union Berlin,Alexander Schwolow,156416,29,32.4,32.39698836413415,ESPN
GER-Bundesliga,2324,2023/2024,1. FC Union Berlin,Aljoscha Kemlein,349922,7,20.39,20.39151266255989,ESPN
GER-Bundesliga,2324,2023/2024,1. FC Union Berlin,András Schäfer,284702,20,25.22,25.215605749486652,ESPN
GER-Bundesliga,2324,2023/2024,1. FC Union Berlin,Aïssa Laïdouni,231984,30,27.55,27.54551676933607,ESPN
GER-Bundesliga,2324,2023/2024,1. FC Union Berlin,Benedict Hollerbach,307515,33,23.12,23.121149897330596,ESPN
GER-Bundesliga,2324,2023/2024,1. FC Union Berlin,Brenden Aaronson,259653,32,23.69,23.68788501026694,ESPN
GER-Bundesliga,2324,2023/2024,1. FC Union Berlin,Chris Bedia,195221,15,28.16,28.15879534565366,ESPN
GER-Bundesliga,2324,2023/2024,1. FC Union Berlin,Christopher Trimmel,146485,32,37.35,37.347022587268995,ESPN
GER-Bundesliga,2324,2023/2024,1. FC Union Berlin,Danilho Doekhi,233622,27,26.0,26.001368925393567,ESPN
GER-Bundesliga,2324,2023/2024,1. FC Union Berlin,David Datro Fofana,301047,12,21.52,21.522245037645447,ESPN
GER-Bundesliga,2324,2023/2024,1. FC Union Berlin,Diogo Leite,258910,32,25.43,25.43463381245722,ESPN
GER-Bundesliga,2324,2023/2024,1. FC Union Berlin,Frederik Ronnow,165424,33,32.23,32.22724161533196,ESPN
GER-Bundesliga,2324,2023/2024,1. FC Union Berlin,Jakob Busk,170636,6,30.56,30.55715263518138,ESPN
GER-Bundesliga,2324,2023/2024,1. FC Union Berlin,Janik Haberer,170604,28,30.4,30.401095140314855,ESPN
GER-Bundesliga,2324,2023/2024,1. FC Union Berlin,Jordan Pefok,216035,2,28.18,28.177960301163587,ESPN
GER-Bundesliga,2324,2023/2024,1. FC Union Berlin,Josip Juranovic,222567,24,28.87,28.87337440109514,ESPN
GER-Bundesliga,2324,2023/2024,1. FC Union Berlin,Jérôme Roussillon,155600,26,31.08,31.080082135523615,ESPN
GER-Bundesliga,2324,2023/2024,1. FC Union Berlin,Kevin Behrens,221614,18,33.33,33.3305954825462,ESPN
GER-Bundesliga,2324,2023/2024,1. FC Union Berlin,Kevin Vogt,132973,16,32.77,32.76933607118412,ESPN
GER-Bundesliga,2324,2023/2024,1. FC Union Berlin,Kevin Volland,149558,27,31.92,31.917864476386036,ESPN
GER-Bundesliga,2324,2023/2024,1. FC Union Berlin,Leonardo Bonucci,74413,12,37.48,37.4839151266256,ESPN
GER-Bundesliga,2324,2023/2024,1. FC Union Berlin,Lucas Tousart,215574,26,27.17,27.170431211498972,ESPN
GER-Bundesliga,2324,2023/2024,1. FC Union Berlin,Mikkel Kaufmann,277107,24,23.33,23.33196440793977,ESPN
GER-Bundesliga,2324,2023/2024,1. FC Union Berlin,Milos Pantovic,228628,1,21.85,21.8507871321013,ESPN
GER-Bundesliga,2324,2023/2024,1. FC Union Berlin,Oluwaseun Ogbemudia,377552,2,17.95,17.95208761122519,ESPN
GER-Bundesliga,2324,2023/2024,1. FC Union Berlin,Paul Jaeckel,271606,25,25.94,25.94113620807666,ESPN
GER-Bundesliga,2324,2023/2024,1. FC Union Berlin,Rani Khedira,159152,21,30.42,30.42299794661191,ESPN
GER-Bundesliga,2324,2023/2024,1. FC Union Berlin,Robin Gosens,198087,30,30.15,30.1492128678987,ESPN
GER-Bundesliga,2324,2023/2024,1. FC Union Berlin,Robin Knoche,157466,31,32.11,32.106776180698155,ESPN
GER-Bundesliga,2324,2023/2024,1. FC Union Berlin,Sheraldo Becker,195027,11,28.83,28.826830937713893,ESPN
GER-Bundesliga,2324,2023/2024,1. FC Union Berlin,Tim Schleinitz,380314,1,18.73,18.732375085557837,ESPN
GER-Bundesliga,2324,2023/2024,1. FC Union Berlin,Yorbe Vertessen,291669,15,22.91,22.913073237508556,ESPN
GER-Bundesliga,2324,2023/2024,Bayer Leverkusen,Adam Hlozek,292169,30,21.93,21.932922655715263,ESPN
GER-Bundesliga,2324,2023/2024,Bayer Leverkusen,Alejandro Grimaldo,166396,33,28.78,28.777549623545518,ESPN
GER-Bundesliga,2324,2023/2024,Bayer Leverkusen,Amine Adli,291613,27,23.73,23.734428473648187,ESPN
GER-Bundesliga,2324,2023/2024,Bayer Leverkusen,Arthur,334374,8,21.29,21.28952772073922,ESPN
GER-Bundesliga,2324,2023/2024,Bayer Leverkusen,Borja Iglesias,214995,11,31.45,31.449691991786448,ESPN
GER-Bundesliga,2324,2023/2024,Bayer Leverkusen,Edmond Tapsoba,257287,30,25.41,25.4072553045859,ESPN
GER-Bundesliga,2324,2023/2024,Bayer Leverkusen,Exequiel Palacios,228393,27,26.14,26.140999315537304,ESPN
GER-Bundesliga,2324,2023/2024,Bayer Leverkusen,Florian Wirtz,303748,32,21.32,21.322381930184804,ESPN
GER-Bundesliga,2324,2023/2024,Bayer Leverkusen,Francis-Ikechukwu Onyeka,379180,2,17.17,17.17180013689254,ESPN
GER-Bundesliga,2324,2023/2024,Bayer Leverkusen,Granit Xhaka,149981,33,31.76,31.756331279945243,ESPN
GER-Bundesliga,2324,2023/2024,Bayer Leverkusen,Gustavo Puerta,341736,28,20.94,20.93908281998631,ESPN
GER-Bundesliga,2324,2023/2024,Bayer Leverkusen,Jeremie Frimpong,281119,33,23.72,23.71526351813826,ESPN
GER-Bundesliga,2324,2023/2024,Bayer Leverkusen,Jonas Hofmann,174617,33,27.0,26.99520876112252,ESPN
GER-Bundesliga,2324,2023/2024,Bayer Leverkusen,Jonathan Tah,188052,33,27.66,27.65776865160849,ESPN
GER-Bundesliga,2324,2023/2024,Bayer Leverkusen,Josip Stanisic,276329,32,24.4,24.40246406570842,ESPN
GER-Bundesliga,2324,2023/2024,Bayer Leverkusen,Ken Izekor,378192,2,17.1,17.10335386721424,ESPN
GER-Bundesliga,2324,2023/2024,Bayer Leverkusen,Lukas Hradecky,134169,34,34.6,34.59822039698837,ESPN
GER-Bundesliga,2324,2023/2024,Bayer Leverkusen,Matej Kovar,277313,33,24.12,24.12046543463381,ESPN
GER-Bundesliga,2324,2023/2024,Bayer Leverkusen,Nadiem Amiri,210818,19,27.67,27.67419575633128,ESPN
GER-Bundesliga,2324,2023/2024,Bayer Leverkusen,Nathan Tella,263134,32,25.15,25.149897330595483,ESPN
GER-Bundesliga,2324,2023/2024,Bayer Leverkusen,Niklas Lomb,175069,2,30.92,30.924024640657084,ESPN
GER-Bundesliga,2324,2023/2024,Bayer Leverkusen,Noah Mbamba,315454,16,19.16,19.16495550992471,ESPN
GER-Bundesliga,2324,2023/2024,Bayer Leverkusen,Odilon Kossounou,284822,29,23.25,23.247091033538673,ESPN
GER-Bundesliga,2324,2023/2024,Bayer Leverkusen,Patrik Schick,212330,24,28.43,28.432580424366872,ESPN
GER-Bundesliga,2324,2023/2024,Bayer Leverkusen,Piero Hincapié,292062,31,21.83,21.828884325804243,ESPN
GER-Bundesliga,2324,2023/2024,Bayer Leverkusen,Reno Munz,368318,2,19.38,19.38398357289528,ESPN
GER-Bundesliga,2324,2023/2024,Bayer Leverkusen,Robert Andrich,180998,34,29.77,29.77138945927447,ESPN
GER-Bundesliga,2324,2023/2024,Bayer Leverkusen,Timothy Fosu-Mensah,234380,7,26.41,26.409308692676248,ESPN
GER-Bundesliga,2324,2023/2024,Bayer Leverkusen,Victor Boniface,287276,23,23.52,23.51813826146475,ESPN
GER-Bundesliga,2324,2023/2024,Bayern Munich,Adam Aznou,379032,6,18.4,18.39561943874059,ESPN
GER-Bundesliga,2324,2023/2024,Bayern Munich,Aleksandar Pavlovic,359370,25,20.32,20.320328542094455,ESPN
GER-Bundesliga,2324,2023/2024,Bayern Munich,Alphonso Davies,236721,31,24.38,24.383299110198493,ESPN
GER-Bundesliga,2324,2023/2024,Bayern Munich,Benjamin Pavard,215378,1,28.26,28.257357973990416,ESPN
GER-Bundesliga,2324,2023/2024,Bayern Munich,Bouna Sarr,163922,10,32.41,32.41341546885695,ESPN
GER-Bundesliga,2324,2023/2024,Bayern Munich,Bryan Zaragoza,311571,13,22.81,22.806297056810404,ESPN
GER-Bundesliga,2324,2023/2024,Bayern Munich,Daniel Peretz,305926,14,23.73,23.72895277207392,ESPN
GER-Bundesliga,2324,2023/2024,Bayern Munich,Dayot Upamecano,222793,28,25.68,25.675564681724847,ESPN
GER-Bundesliga,2324,2023/2024,Bayern Munich,Eric Dier,155532,18,30.46,30.455852156057496,ESPN
GER-Bundesliga,2324,2023/2024,Bayern Munich,Eric Maxim Choupo-Moting,102254,32,35.27,35.27173169062286,ESPN
GER-Bundesliga,2324,2023/2024,Bayern Munich,Frans Krätzig,346749,20,21.46,21.45927446954141,ESPN
GER-Bundesliga,2324,2023/2024,Bayern Munich,Harry Kane,142200,32,30.92,30.924024640657084,ESPN
GER-Bundesliga,2324,2023/2024,Bayern Munich,Jamal Musiala,303821,25,21.34,21.34154688569473,ESPN
GER-Bundesliga,2324,2023/2024,Bayern Munich,Jonathan Asp Jensen,384414,1,18.46,18.458590006844627,ESPN
GER-Bundesliga,2324,2023/2024,Bayern Munich,Joshua Kimmich,190161,28,28.91,28.91170431211499,ESPN
GER-Bundesliga,2324,2023/2024,Bayern Munich,Kim Min-Jae,157688,28,27.62,27.62217659137577,ESPN
GER-Bundesliga,2324,2023/2024,Bayern Munich,Kingsley Coman,184012,18,28.05,28.046543463381244,ESPN
GER-Bundesliga,2324,2023/2024,Bayern Munich,Konrad Laimer,169189,30,27.09,27.093771389459274,ESPN
GER-Bundesliga,2324,2023/2024,Bayern Munich,Leon Goretzka,174550,30,29.08,29.078713210130047,ESPN
GER-Bundesliga,2324,2023/2024,Bayern Munich,Leroy Sané,202641,27,27.66,27.66050650239562,ESPN
GER-Bundesliga,2324,2023/2024,Bayern Munich,Lovro Zvonarek,346760,14,18.9,18.902121834360027,ESPN
GER-Bundesliga,2324,2023/2024,Bayern Munich,Manuel Neuer,84774,23,38.26,38.261464750171115,ESPN
GER-Bundesliga,2324,2023/2024,Bayern Munich,Mathys Tel,325042,34,19.18,19.175906913073238,ESPN
GER-Bundesliga,2324,2023/2024,Bayern Munich,Matteo Vinlöf,384415,2,18.53,18.532511978097194,ESPN
GER-Bundesliga,2324,2023/2024,Bayern Munich,Matthijs de Ligt,239349,26,24.56,24.56125941136208,ESPN
GER-Bundesliga,2324,2023/2024,Bayern Munich,Max Scholze,352178,1,19.17,19.16769336071184,ESPN
GER-Bundesliga,2324,2023/2024,Bayern Munich,Noussair Mazraoui,239350,21,26.63,26.625598904859686,ESPN
GER-Bundesliga,2324,2023/2024,Bayern Munich,Noël Aséko,352179,3,18.6,18.60369609856263,ESPN
GER-Bundesliga,2324,2023/2024,Bayern Munich,Raphaël Guerreiro,176228,22,30.52,30.521560574948666,ESPN
GER-Bundesliga,2324,2023/2024,Bayern Munich,Ryan Gravenberch,274632,2,22.12,22.12457221081451,ESPN
GER-Bundesliga,2324,2023/2024,Bayern Munich,Sacha Boey,287225,4,23.79,23.794661190965094,ESPN
GER-Bundesliga,2324,2023/2024,Bayern Munich,Serge Gnabry,178980,13,28.96,28.9637234770705,ESPN
GER-Bundesliga,2324,2023/2024,Bayern Munich,Sven Ulreich,113733,32,36.31,36.31211498973306,ESPN
GER-Bundesliga,2324,2023/2024,Bayern Munich,Taichi Fukui,316899,1,19.96,19.958932238193018,ESPN
GER-Bundesliga,2324,2023/2024,Bayern Munich,Thomas Müller,123465,34,34.8,34.795345653661876,ESPN
GER-Bundesliga,2324,2023/2024,Bayern Munich,Tom Hülsmann,346756,2,19.65,19.652292950034223,ESPN
GER-Bundesliga,2324,2023/2024,Borussia Dortmund,Alexander Meyer,178380,34,33.22,33.215605749486656,ESPN
GER-Bundesliga,2324,2023/2024,Borussia Dortmund,Antonios Papadopoulos,291966,5,24.73,24.725530458590008,ESPN
GER-Bundesliga,2324,2023/2024,Borussia Dortmund,Donyell Malen,259481,29,25.45,25.44558521560575,ESPN
GER-Bundesliga,2324,2023/2024,Borussia Dortmund,Emre Can,159142,29,29.58,29.579739904175224,ESPN
GER-Bundesliga,2324,2023/2024,Borussia Dortmund,Felix Nmecha,281122,20,23.72,23.720739219712527,ESPN
GER-Bundesliga,2324,2023/2024,Borussia Dortmund,Giovanni Reyna,290230,15,21.63,21.6290212183436,ESPN
GER-Bundesliga,2324,2023/2024,Borussia Dortmund,Gregor Kobel,238544,27,27.05,27.04996577686516,ESPN
GER-Bundesliga,2324,2023/2024,Borussia Dortmund,Guillermo Bueno,340464,1,21.78,21.782340862423,ESPN
GER-Bundesliga,2324,2023/2024,Borussia Dortmund,Hendry Blank,365320,5,19.86,19.857631759069132,ESPN
GER-Bundesliga,2324,2023/2024,Borussia Dortmund,Ian Maatsen,281125,16,21.74,21.741273100616016,ESPN
GER-Bundesliga,2324,2023/2024,Borussia Dortmund,Jadon Sancho,259836,16,24.27,24.265571526351813,ESPN
GER-Bundesliga,2324,2023/2024,Borussia Dortmund,Jamie Gittens,339879,34,19.89,19.89322381930185,ESPN
GER-Bundesliga,2324,2023/2024,Borussia Dortmund,Julian Brandt,197628,32,28.4,28.399726214921287,ESPN
GER-Bundesliga,2324,2023/2024,Borussia Dortmund,Julian Ryerson,222991,24,26.62,26.61738535249829,ESPN
GER-Bundesliga,2324,2023/2024,Borussia Dortmund,Julien Duranville,341375,5,18.15,18.154688569472963,ESPN
GER-Bundesliga,2324,2023/2024,Borussia Dortmund,Karim Adeyemi,274913,24,22.45,22.4476386036961,ESPN
GER-Bundesliga,2324,2023/2024,Borussia Dortmund,Kjell-Arik Wätjen,365788,5,18.37,18.368240930869266,ESPN
GER-Bundesliga,2324,2023/2024,Borussia Dortmund,Marcel Lotka,304903,7,23.1,23.09924709103354,ESPN
GER-Bundesliga,2324,2023/2024,Borussia Dortmund,Marcel Sabitzer,173907,27,30.29,30.288843258042437,ESPN
GER-Bundesliga,2324,2023/2024,Borussia Dortmund,Marco Reus,122356,32,35.08,35.082819986310746,ESPN
GER-Bundesliga,2324,2023/2024,Borussia Dortmund,Marius Wolf,207623,32,29.1,29.09514031485284,ESPN
GER-Bundesliga,2324,2023/2024,Borussia Dortmund,Mateu Morey,265992,14,24.41,24.40520191649555,ESPN
GER-Bundesliga,2324,2023/2024,Borussia Dortmund,Mats Hummels,84627,29,35.54,35.53730321697468,ESPN
GER-Bundesliga,2324,2023/2024,Borussia Dortmund,Niclas Füllkrug,170257,31,30.83,30.82546201232033,ESPN
GER-Bundesliga,2324,2023/2024,Borussia Dortmund,Nico Schlotterbeck,286828,34,25.46,25.464750171115675,ESPN
GER-Bundesliga,2324,2023/2024,Borussia Dortmund,Niklas Süle,186263,32,29.31,29.311430527036276,ESPN
GER-Bundesliga,2324,2023/2024,Borussia Dortmund,Ole Pohlmann,345224,5,23.16,23.156741957563312,ESPN
GER-Bundesliga,2324,2023/2024,Borussia Dortmund,Paris Brunner,365789,1,18.37,18.3709787816564,ESPN
GER-Bundesliga,2324,2023/2024,Borussia Dortmund,Ramy Bensebaini,220703,20,29.21,29.207392197125255,ESPN
GER-Bundesliga,2324,2023/2024,Borussia Dortmund,Salih Özcan,225563,32,25.66,25.661875427789184,ESPN
GER-Bundesliga,2324,2023/2024,Borussia Dortmund,Samuel Bamba,355101,4,20.38,20.37782340862423,ESPN
GER-Bundesliga,2324,2023/2024,Borussia Dortmund,Sébastien Haller,164171,17,30.02,30.023271731690624,ESPN
GER-Bundesliga,2324,2023/2024,Borussia Dortmund,Thomas Meunier,166473,10,32.56,32.558521560574945,ESPN
GER-Bundesliga,2324,2023/2024,Borussia Dortmund,Thorgan Hazard,158066,2,31.26,31.255304585900067,ESPN
GER-Bundesliga,2324,2023/2024,Borussia Dortmund,Youssoufa Moukoko,305554,30,19.61,19.60848733744011,ESPN
GER-Bundesliga,2324,2023/2024,Borussia Mönchengladbach,Alassane Pléa,168318,27,30.74,30.740588637919235,ESPN
GER-Bundesliga,2324,2023/2024,Borussia Mönchengladbach,Christoph Kramer,160055,21,33.36,33.360711841204655,ESPN
GER-Bundesliga,2324,2023/2024,Borussia Mönchengladbach,Fabio Chiarodia,323061,24,19.15,19.15126625598905,ESPN
GER-Bundesliga,2324,2023/2024,Borussia Mönchengladbach,Florian Neuhaus,238527,32,27.29,27.290896646132786,ESPN
GER-Bundesliga,2324,2023/2024,Borussia Mönchengladbach,Franck Honorat,196029,32,27.64,27.641341546885695,ESPN
GER-Bundesliga,2324,2023/2024,Borussia Mönchengladbach,Grant-Leon Ranos,323935,20,20.95,20.947296372347708,ESPN
GER-Bundesliga,2324,2023/2024,Borussia Mönchengladbach,Jan Olschowsky,304631,23,22.61,22.614647501711158,ESPN
GER-Bundesliga,2324,2023/2024,Borussia Mönchengladbach,Joe Scally,272135,34,21.5,21.49760438056126,ESPN
GER-Bundesliga,2324,2023/2024,Borussia Mönchengladbach,Jonas Omlin,238418,8,29.75,29.746748802190282,ESPN
GER-Bundesliga,2324,2023/2024,Borussia Mönchengladbach,Jordan Pefok,216035,26,28.18,28.177960301163587,ESPN
GER-Bundesliga,2324,2023/2024,Borussia Mönchengladbach,Julian Weigl,200192,31,28.89,28.892539356605067,ESPN
GER-Bundesliga,2324,2023/2024,Borussia Mönchengladbach,Kou Itakura,238033,20,27.42,27.422313483915126,ESPN
GER-Bundesliga,2324,2023/2024,Borussia Mönchengladbach,Luca Netz,303765,31,21.13,21.127994524298426,ESPN
GER-Bundesliga,2324,2023/2024,Borussia Mönchengladbach,Lukas Ullrich,346617,6,20.29,20.290212183436,ESPN
GER-Bundesliga,2324,2023/2024,Borussia Mönchengladbach,Manu Koné,285226,23,23.12,23.121149897330596,ESPN
GER-Bundesliga,2324,2023/2024,Borussia Mönchengladbach,Marvin Friedrich,202642,33,28.55,28.54757015742642,ESPN
GER-Bundesliga,2324,2023/2024,Borussia Mönchengladbach,Maximilian Wöber,231674,25,26.25,26.245037645448324,ESPN
GER-Bundesliga,2324,2023/2024,Borussia Mönchengladbach,Moritz Nicolas,238536,34,26.69,26.691307323750856,ESPN
GER-Bundesliga,2324,2023/2024,Borussia Mönchengladbach,Nathan N'Goumou,282676,34,24.3,24.295687885010267,ESPN
GER-Bundesliga,2324,2023/2024,Borussia Mönchengladbach,Nico Elvedi,212237,31,27.75,27.748117727583846,ESPN
GER-Bundesliga,2324,2023/2024,Borussia Mönchengladbach,Patrick Herrmann,127259,29,32.58,32.577686516084874,ESPN
GER-Bundesliga,2324,2023/2024,Borussia Mönchengladbach,Robin Hack,258876,32,25.84,25.842573579739906,ESPN
GER-Bundesliga,2324,2023/2024,Borussia Mönchengladbach,Rocco Reitz,307364,34,22.09,22.088980150581794,ESPN
GER-Bundesliga,2324,2023/2024,Borussia Mönchengladbach,Shio Fukuda,362673,6,19.9,19.904175222450377,ESPN
GER-Bundesliga,2324,2023/2024,Borussia Mönchengladbach,Simon Walde,356607,3,19.25,19.247091033538673,ESPN
GER-Bundesliga,2324,2023/2024,Borussia Mönchengladbach,Stefan Lainer,214635,17,31.84,31.84120465434634,ESPN
GER-Bundesliga,2324,2023/2024,Borussia Mönchengladbach,Tobias Sippel,122273,4,36.27,36.27378507871321,ESPN
GER-Bundesliga,2324,2023/2024,Borussia Mönchengladbach,Tomas Cvancara,307755,21,23.88,23.87953456536619,ESPN
GER-Bundesliga,2324,2023/2024,Borussia Mönchengladbach,Tony Jantschke,128968,12,33.99,33.99041752224504,ESPN
GER-Bundesliga,2324,2023/2024,Borussia Mönchengladbach,Yvandro Borges Sanches,324183,7,20.1,20.10130047912389,ESPN
GER-Bundesliga,2324,2023/2024,Eintracht Frankfurt,Ansgar Knauff,305555,32,21.75,21.746748802190282,ESPN
GER-Bundesliga,2324,2023/2024,Eintracht Frankfurt,Buta,238897,32,26.74,26.743326488706366,ESPN
GER-Bundesliga,2324,2023/2024,Eintracht Frankfurt,Christopher Lenz,222447,1,29.77,29.77138945927447,ESPN
GER-Bundesliga,2324,2023/2024,Eintracht Frankfurt,Donny van de Beek,215717,15,27.2,27.200547570157426,ESPN
GER-Bundesliga,2324,2023/2024,Eintracht Frankfurt,Elias Baum,372788,5,18.68,18.677618069815196,ESPN
GER-Bundesliga,2324,2023/2024,Eintracht Frankfurt,Ellyes Skhiri,209595,27,28.74,28.736481861738536,ESPN
GER-Bundesliga,2324,2023/2024,Eintracht Frankfurt,Farès Chaïbi,337306,29,21.59,21.587953456536617,ESPN
GER-Bundesliga,2324,2023/2024,Eintracht Frankfurt,Hrvoje Smolcic,292170,31,23.87,23.86858316221766,ESPN
GER-Bundesliga,2324,2023/2024,Eintracht Frankfurt,Hugo Ekitike,304901,14,22.03,22.028747433264886,ESPN
GER-Bundesliga,2324,2023/2024,Eintracht Frankfurt,Hugo Larsson,336460,30,20.01,20.008213552361397,ESPN
GER-Bundesliga,2324,2023/2024,Eintracht Frankfurt,Jean-Mattéo Bahoya,346662,9,18.99,18.986995208761122,ESPN
GER-Bundesliga,2324,2023/2024,Eintracht Frankfurt,Jens Grahl,122396,34,35.77,35.7700205338809,ESPN
GER-Bundesliga,2324,2023/2024,Eintracht Frankfurt,Jens Petter Hauge,235789,14,24.56,24.555783709787818,ESPN
GER-Bundesliga,2324,2023/2024,Eintracht Frankfurt,Jesper Lindstrom,278822,2,24.33,24.334017796030118,ESPN
GER-Bundesliga,2324,2023/2024,Eintracht Frankfurt,Jessic Ngankam,266659,17,23.95,23.94524298425736,ESPN
GER-Bundesliga,2324,2023/2024,Eintracht Frankfurt,Junior Dina Ebimbe,287645,31,23.61,23.60574948665298,ESPN
GER-Bundesliga,2324,2023/2024,Eintracht Frankfurt,Kauã Santos,338950,2,20.65,20.654346338124572,ESPN
GER-Bundesliga,2324,2023/2024,Eintracht Frankfurt,Kevin Trapp,122280,32,33.9,33.89733059548254,ESPN
GER-Bundesliga,2324,2023/2024,Eintracht Frankfurt,Kristijan Jakic,238929,6,27.13,27.129363449691994,ESPN
GER-Bundesliga,2324,2023/2024,Eintracht Frankfurt,Makoto Hasebe,114598,31,40.45,40.44900752908966,ESPN
GER-Bundesliga,2324,2023/2024,Eintracht Frankfurt,Mario Götze,143020,31,32.32,32.31759069130732,ESPN
GER-Bundesliga,2324,2023/2024,Eintracht Frankfurt,Marko Mladenovic,383918,1,19.41,19.41409993155373,ESPN
GER-Bundesliga,2324,2023/2024,Eintracht Frankfurt,Nacho Ferri,364582,12,20.14,20.139630390143736,ESPN
GER-Bundesliga,2324,2023/2024,Eintracht Frankfurt,Niels Nkounkou,298030,31,24.47,24.468172484599588,ESPN
GER-Bundesliga,2324,2023/2024,Eintracht Frankfurt,Nnamdi Collins,305556,5,19.75,19.745379876796715,ESPN
GER-Bundesliga,2324,2023/2024,Eintracht Frankfurt,Omar Marmoush,303745,29,25.0,24.996577686516083,ESPN
GER-Bundesliga,2324,2023/2024,Eintracht Frankfurt,Paxten Aaronson,304129,14,20.85,20.84599589322382,ESPN
GER-Bundesliga,2324,2023/2024,Eintracht Frankfurt,Philipp Max,200856,34,30.75,30.748802190280628,ESPN
GER-Bundesliga,2324,2023/2024,Eintracht Frankfurt,Randal Kolo Muani,252971,2,26.14,26.135523613963038,ESPN
GER-Bundesliga,2324,2023/2024,Eintracht Frankfurt,Robin Koch,208285,31,27.95,27.953456536618756,ESPN
GER-Bundesliga,2324,2023/2024,Eintracht Frankfurt,Sasa Kalajdzic,259131,5,26.98,26.981519507186857,ESPN
GER-Bundesliga,2324,2023/2024,Eintracht Frankfurt,Sebastian Rode,122926,8,33.64,33.637234770705,ESPN
GER-Bundesliga,2324,2023/2024,Eintracht Frankfurt,Simon Simoni,338209,1,19.96,19.96167008898015,ESPN
GER-Bundesliga,2324,2023/2024,Eintracht Frankfurt,Timothy Chandler,128521,18,34.26,34.25598904859685,ESPN
GER-Bundesliga,2324,2023/2024,Eintracht Frankfurt,Tuta,283224,31,25.23,25.232032854209447,ESPN
GER-Bundesliga,2324,2023/2024,Eintracht Frankfurt,Willian Pacho,287005,33,22.7,22.704996577686515,ESPN
GER-Bundesliga,2324,2023/2024,FC Augsburg,Arne Engels,314177,32,20.89,20.892539356605067,ESPN
GER-Bundesliga,2324,2023/2024,FC Augsburg,Arne Maier,231178,27,24.91,24.914442162902123,ESPN
GER-Bundesliga,2324,2023/2024,FC Augsburg,Daniel Hausmann,357739,2,20.58,20.577686516084874,ESPN
GER-Bundesliga,2324,2023/2024,FC Augsburg,David Colina,306613,3,23.95,23.94798083504449,ESPN
GER-Bundesliga,2324,2023/2024,FC Augsburg,David Deger,383901,1,24.38,24.37782340862423,ESPN
GER-Bundesliga,2324,2023/2024,FC Augsburg,Dion Drena Beljo,306647,31,22.49,22.48870636550308,ESPN
GER-Bundesliga,2324,2023/2024,FC Augsburg,Elvis Rexhbecaj,259055,26,27.47,27.46611909650924,ESPN
GER-Bundesliga,2324,2023/2024,FC Augsburg,Ermedin Demirovic,269136,33,26.27,26.26694045174538,ESPN
GER-Bundesliga,2324,2023/2024,FC Augsburg,Felix Uduokhai,233499,33,26.81,26.806297056810404,ESPN
GER-Bundesliga,2324,2023/2024,FC Augsburg,Finn Dahmen,228507,31,26.26,26.261464750171115,ESPN
GER-Bundesliga,2324,2023/2024,FC Augsburg,Frederik Winther,272714,3,23.25,23.247091033538673,ESPN
GER-Bundesliga,2324,2023/2024,FC Augsburg,Fredrik Oldrup Jensen,221227,24,31.12,31.11841204654346,ESPN
GER-Bundesliga,2324,2023/2024,FC Augsburg,Iago,252800,23,27.27,27.27173169062286,ESPN
GER-Bundesliga,2324,2023/2024,FC Augsburg,Irvin Cardona,252441,4,26.89,26.89390828199863,ESPN
GER-Bundesliga,2324,2023/2024,FC Augsburg,Japhet Tanganga,256912,1,25.25,25.251197809719372,ESPN
GER-Bundesliga,2324,2023/2024,FC Augsburg,Jeffrey Gouweleeuw,140624,30,32.73,32.73100616016427,ESPN
GER-Bundesliga,2324,2023/2024,FC Augsburg,Kevin Mbabu,176497,26,29.2,29.19917864476386,ESPN
GER-Bundesliga,2324,2023/2024,FC Augsburg,Kristijan Jakic,238929,14,27.13,27.129363449691994,ESPN
GER-Bundesliga,2324,2023/2024,FC Augsburg,Mads Pedersen,162386,30,28.47,28.473648186173854,ESPN
GER-Bundesliga,2324,2023/2024,FC Augsburg,Mahmut Kücüksahin,384502,1,19.99,19.98904859685147,ESPN
GER-Bundesliga,2324,2023/2024,FC Augsburg,Marcel Lubik,364581,3,20.11,20.11498973305955,ESPN
GER-Bundesliga,2324,2023/2024,FC Augsburg,Masaya Okugawa,222794,5,28.21,28.210814510609172,ESPN
GER-Bundesliga,2324,2023/2024,FC Augsburg,Maximilian Bauer,184551,29,23.82,23.824777549623544,ESPN
GER-Bundesliga,2324,2023/2024,FC Augsburg,Mergim Berisha,251413,2,25.65,25.650924024640656,ESPN
GER-Bundesliga,2324,2023/2024,FC Augsburg,Mert Kömür,359207,12,18.95,18.954140999315538,ESPN
GER-Bundesliga,2324,2023/2024,FC Augsburg,Nathanaël Mbuku,291750,6,22.29,22.29158110882957,ESPN
GER-Bundesliga,2324,2023/2024,FC Augsburg,Niklas Dorsch,225567,26,26.46,26.455852156057496,ESPN
GER-Bundesliga,2324,2023/2024,FC Augsburg,Patric Pfeiffer,275774,22,24.86,24.862422997946613,ESPN
GER-Bundesliga,2324,2023/2024,FC Augsburg,Pep Biel,268604,14,28.14,28.142368240930868,ESPN
GER-Bundesliga,2324,2023/2024,FC Augsburg,Phillip Tietz,234376,34,26.81,26.811772758384667,ESPN
GER-Bundesliga,2324,2023/2024,FC Augsburg,Robert Gumny,235180,23,26.23,26.234086242299796,ESPN
GER-Bundesliga,2324,2023/2024,FC Augsburg,Rubén Vargas,259513,31,26.15,26.146475017111566,ESPN
GER-Bundesliga,2324,2023/2024,FC Augsburg,Sven Michel,197796,30,33.96,33.960301163586585,ESPN
GER-Bundesliga,2324,2023/2024,FC Augsburg,Tim Breithaupt,309634,29,22.0,21.9958932238193,ESPN
GER-Bundesliga,2324,2023/2024,FC Augsburg,Tomas Koubek,178614,34,31.84,31.84394250513347,ESPN
GER-Bundesliga,2324,2023/2024,FC Cologne,Benno Schmitz,191017,30,29.62,29.61806981519507,ESPN
GER-Bundesliga,2324,2023/2024,FC Cologne,Damion Downs,359707,12,20.06,20.06297056810404,ESPN
GER-Bundesliga,2324,2023/2024,FC Cologne,Davie Selke,196032,20,29.44,29.44284736481862,ESPN
GER-Bundesliga,2324,2023/2024,FC Cologne,Dejan Ljubicic,262862,26,26.89,26.888432580424368,ESPN
GER-Bundesliga,2324,2023/2024,FC Cologne,Denis Huseinbasic,343969,32,23.32,23.315537303216974,ESPN
GER-Bundesliga,2324,2023/2024,FC Cologne,Dimitrios Limnios,223161,4,26.09,26.094455852156056,ESPN
GER-Bundesliga,2324,2023/2024,FC Cologne,Dominique Heintz,167683,31,30.87,30.874743326488705,ESPN
GER-Bundesliga,2324,2023/2024,FC Cologne,Elias-Geoffrey Bakatukanda,357685,3,20.21,20.213552361396303,ESPN
GER-Bundesliga,2324,2023/2024,FC Cologne,Eric Martel,290398,30,22.17,22.171115674195757,ESPN
GER-Bundesliga,2324,2023/2024,FC Cologne,Faride Alidou,325942,28,22.95,22.951403148528406,ESPN
GER-Bundesliga,2324,2023/2024,FC Cologne,Florian Dietz,238566,10,26.31,26.313483915126625,ESPN
GER-Bundesliga,2324,2023/2024,FC Cologne,Florian Kainz,151464,34,31.68,31.682409308692677,ESPN
GER-Bundesliga,2324,2023/2024,FC Cologne,Jacob Christensen,274975,21,23.01,23.014373716632445,ESPN
GER-Bundesliga,2324,2023/2024,FC Cologne,Jan Thielmann,300444,23,22.1,22.09719370294319,ESPN
GER-Bundesliga,2324,2023/2024,FC Cologne,Jeff Chabot,258909,32,25.58,25.57700205338809,ESPN
GER-Bundesliga,2324,2023/2024,FC Cologne,Justin Diehl,357684,7,19.59,19.589322381930184,ESPN
GER-Bundesliga,2324,2023/2024,FC Cologne,Kristian Pedersen,232381,1,30.23,30.22861054072553,ESPN
GER-Bundesliga,2324,2023/2024,FC Cologne,Leart Paqarada,205972,25,29.89,29.88911704312115,ESPN
GER-Bundesliga,2324,2023/2024,FC Cologne,Linton Maina,231173,31,25.02,25.021218343600275,ESPN
GER-Bundesliga,2324,2023/2024,FC Cologne,Luca Kilian,279958,25,25.47,25.472963723477072,ESPN
GER-Bundesliga,2324,2023/2024,FC Cologne,Luca Waldschmidt,191352,22,28.11,28.11498973305955,ESPN
GER-Bundesliga,2324,2023/2024,FC Cologne,Mark Uth,149391,13,32.85,32.851471594798085,ESPN
GER-Bundesliga,2324,2023/2024,FC Cologne,Marvin Schwäbe,205751,34,29.18,29.182751540041068,ESPN
GER-Bundesliga,2324,2023/2024,FC Cologne,Mathias Olesen,294277,8,23.28,23.277207392197127,ESPN
GER-Bundesliga,2324,2023/2024,FC Cologne,Matthias Köbbing,258973,10,27.09,27.091033538672143,ESPN
GER-Bundesliga,2324,2023/2024,FC Cologne,Max Finkgrafe,368003,26,20.26,20.26009582477755,ESPN
GER-Bundesliga,2324,2023/2024,FC Cologne,Philipp Pentke,89497,25,39.48,39.48254620123203,ESPN
GER-Bundesliga,2324,2023/2024,FC Cologne,Rasmus Carstensen,290035,32,23.72,23.718001368925393,ESPN
GER-Bundesliga,2324,2023/2024,FC Cologne,Sargis Adamyan,182427,25,31.1,31.104722792607802,ESPN
GER-Bundesliga,2324,2023/2024,FC Cologne,Steffen Tigges,231764,29,25.92,25.916495550992472,ESPN
GER-Bundesliga,2324,2023/2024,FC Cologne,Timo Hübers,238520,31,27.95,27.94524298425736,ESPN
GER-Bundesliga,2324,2023/2024,Mainz,Andreas Hanche-Olsen,218646,15,27.45,27.449691991786448,ESPN
GER-Bundesliga,2324,2023/2024,Mainz,Anthony Caci,241297,31,27.48,27.477070499657767,ESPN
GER-Bundesliga,2324,2023/2024,Mainz,Anton Stach,304802,2,25.62,25.623545516769337,ESPN
GER-Bundesliga,2324,2023/2024,Mainz,Anwar El Ghazi,207174,3,29.32,29.322381930184804,ESPN
GER-Bundesliga,2324,2023/2024,Mainz,Aymen Barkok,249110,13,26.11,26.11088295687885,ESPN
GER-Bundesliga,2324,2023/2024,Mainz,Brajan Gruda,357683,29,20.08,20.082135523613964,ESPN
GER-Bundesliga,2324,2023/2024,Mainz,Daniel Batz,149297,20,32.58,32.580424366872,ESPN
GER-Bundesliga,2324,2023/2024,Mainz,Danny da Costa,154603,29,30.97,30.965092402464066,ESPN
GER-Bundesliga,2324,2023/2024,Mainz,David Mamutovic,367714,18,24.13,24.134154688569474,ESPN
GER-Bundesliga,2324,2023/2024,Mainz,Dominik Kohr,172997,31,30.41,30.412046543463383,ESPN
GER-Bundesliga,2324,2023/2024,Mainz,Edimilson Fernandes,226970,26,28.21,28.20807665982204,ESPN
GER-Bundesliga,2324,2023/2024,Mainz,Jessic Ngankam,266659,11,23.95,23.94524298425736,ESPN
GER-Bundesliga,2324,2023/2024,Mainz,Jonathan Burkardt,274887,21,23.64,23.644079397672826,ESPN
GER-Bundesliga,2324,2023/2024,Mainz,Josuha Guilavogui,130113,23,33.78,33.779603011635864,ESPN
GER-Bundesliga,2324,2023/2024,Mainz,Karim Onisiwo,224309,26,32.29,32.28747433264887,ESPN
GER-Bundesliga,2324,2023/2024,Mainz,Lasse Rieß,321057,21,22.93,22.926762491444215,ESPN
GER-Bundesliga,2324,2023/2024,Mainz,Lasse Wilhelm,377594,4,21.28,21.281314168377822,ESPN
GER-Bundesliga,2324,2023/2024,Mainz,Leandro Barreiro,271854,31,24.33,24.331279945242983,ESPN
GER-Bundesliga,2324,2023/2024,Mainz,Lee Jae-Sung,134103,29,31.73,31.72621492128679,ESPN
GER-Bundesliga,2324,2023/2024,Mainz,Ludovic Ajorque,192015,32,30.34,30.34360027378508,ESPN
GER-Bundesliga,2324,2023/2024,Mainz,Marco Richter,259053,29,26.6,26.598220396988363,ESPN
GER-Bundesliga,2324,2023/2024,Mainz,Marcus Müller,377593,3,21.86,21.861738535249827,ESPN
GER-Bundesliga,2324,2023/2024,Mainz,Maxim Dal,372037,2,18.43,18.425735797399042,ESPN
GER-Bundesliga,2324,2023/2024,Mainz,Maxim Leitsch,238531,8,26.12,26.119096509240247,ESPN
GER-Bundesliga,2324,2023/2024,Mainz,Merveille Papela,307264,30,23.45,23.446954140999317,ESPN
GER-Bundesliga,2324,2023/2024,Mainz,Nadiem Amiri,210818,15,27.67,27.67419575633128,ESPN
GER-Bundesliga,2324,2023/2024,Mainz,Nelson Weiper,351280,7,19.29,19.288158795345655,ESPN
GER-Bundesliga,2324,2023/2024,Mainz,Phillipp Mwene,239574,25,30.42,30.417522245037645,ESPN
GER-Bundesliga,2324,2023/2024,Mainz,Robin Zentner,206114,30,29.67,29.672826830937716,ESPN
GER-Bundesliga,2324,2023/2024,Mainz,Sepp van den Berg,270507,33,22.53,22.527036276522928,ESPN
GER-Bundesliga,2324,2023/2024,Mainz,Silvan Widmer,175905,25,31.16,31.159479808350444,ESPN
GER-Bundesliga,2324,2023/2024,Mainz,Stefan Bell,144620,14,32.85,32.851471594798085,ESPN
GER-Bundesliga,2324,2023/2024,Mainz,Tim Müller,278149,2,28.23,28.227241615331966,ESPN
GER-Bundesliga,2324,2023/2024,Mainz,Tom Krauss,283683,32,23.02,23.02258726899384,ESPN
GER-Bundesliga,2324,2023/2024,RB Leipzig,Amadou Haidara,228557,23,26.41,26.412046543463383,ESPN
GER-Bundesliga,2324,2023/2024,RB Leipzig,Benjamin Henrichs,220711,33,27.35,27.34839151266256,ESPN
GER-Bundesliga,2324,2023/2024,RB Leipzig,Benjamin Sesko,289155,33,21.08,21.084188911704313,ESPN
GER-Bundesliga,2324,2023/2024,RB Leipzig,Castello Lukeba,319100,34,21.54,21.53593429158111,ESPN
GER-Bundesliga,2324,2023/2024,RB Leipzig,Christoph Baumgartner,274897,34,25.48,25.475701574264203,ESPN
GER-Bundesliga,2324,2023/2024,RB Leipzig,Christopher Lenz,222447,26,29.77,29.77138945927447,ESPN
GER-Bundesliga,2324,2023/2024,RB Leipzig,Dani Olmo,227765,21,25.99,25.987679671457904,ESPN
GER-Bundesliga,2324,2023/2024,RB Leipzig,David Raum,249548,33,26.19,26.190280629705683,ESPN
GER-Bundesliga,2324,2023/2024,RB Leipzig,El Chadaille Bitshiabu,304740,20,19.12,19.123887748117728,ESPN
GER-Bundesliga,2324,2023/2024,RB Leipzig,Eljif Elmas,237435,17,24.77,24.76659822039699,ESPN
GER-Bundesliga,2324,2023/2024,RB Leipzig,Emil Forsberg,148641,16,32.69,32.68720054757016,ESPN
GER-Bundesliga,2324,2023/2024,RB Leipzig,Fábio Carvalho,231049,16,21.83,21.83436002737851,ESPN
GER-Bundesliga,2324,2023/2024,RB Leipzig,Hugo Novoa,305608,1,21.43,21.43189596167009,ESPN
GER-Bundesliga,2324,2023/2024,RB Leipzig,Ilaix Moriba,297829,6,21.45,21.44558521560575,ESPN
GER-Bundesliga,2324,2023/2024,RB Leipzig,Janis Blaswich,161825,34,33.4,33.399041752224505,ESPN
GER-Bundesliga,2324,2023/2024,RB Leipzig,Jonathan Norbye,384500,1,17.26,17.26488706365503,ESPN
GER-Bundesliga,2324,2023/2024,RB Leipzig,Kevin Kampl,141055,33,33.8,33.804243668720055,ESPN
GER-Bundesliga,2324,2023/2024,RB Leipzig,Leopold Zingerle,200079,10,29.74,29.738535249828885,ESPN
GER-Bundesliga,2324,2023/2024,RB Leipzig,Loïs Openda,276265,34,24.37,24.369609856262834,ESPN
GER-Bundesliga,2324,2023/2024,RB Leipzig,Lukas Klostermann,201803,29,28.32,28.317590691307323,ESPN
GER-Bundesliga,2324,2023/2024,RB Leipzig,Mohamed Simakan,277306,32,24.32,24.320328542094455,ESPN
GER-Bundesliga,2324,2023/2024,RB Leipzig,Nicolas Seiwald,305956,34,23.24,23.236139630390145,ESPN
GER-Bundesliga,2324,2023/2024,RB Leipzig,Nuha Jatta,379802,3,18.29,18.2943189596167,ESPN
GER-Bundesliga,2324,2023/2024,RB Leipzig,Péter Gulácsi,119620,29,34.07,34.06981519507187,ESPN
GER-Bundesliga,2324,2023/2024,RB Leipzig,Tim Köhler,371671,1,19.4,19.397672826830938,ESPN
GER-Bundesliga,2324,2023/2024,RB Leipzig,Timo Werner,191088,12,28.07,28.073921971252567,ESPN
GER-Bundesliga,2324,2023/2024,RB Leipzig,Willi Orbán,162162,19,32.3,32.303901437371664,ESPN
GER-Bundesliga,2324,2023/2024,RB Leipzig,Xaver Schlager,238886,29,26.75,26.754277891854894,ESPN
GER-Bundesliga,2324,2023/2024,RB Leipzig,Xavi Simons,332962,32,21.19,21.193702943189596,ESPN
GER-Bundesliga,2324,2023/2024,RB Leipzig,Yannick Eduardo,357092,2,18.43,18.43394934976044,ESPN
GER-Bundesliga,2324,2023/2024,RB Leipzig,Yussuf Poulsen,182245,31,30.04,30.04243668720055,ESPN
GER-Bundesliga,2324,2023/2024,SC Freiburg,Attila Szalai,289536,15,26.44,26.442162902121833,ESPN
GER-Bundesliga,2324,2023/2024,SC Freiburg,Christian Günter,174618,16,31.33,31.3347022587269,ESPN
GER-Bundesliga,2324,2023/2024,SC Freiburg,Fabian Rudlin,259899,8,27.46,27.460643394934976,ESPN
GER-Bundesliga,2324,2023/2024,SC Freiburg,Florent Muslija,256768,16,26.06,26.064339493497606,ESPN
GER-Bundesliga,2324,2023/2024,SC Freiburg,Florian Müller,122292,34,26.63,26.628336755646817,ESPN
GER-Bundesliga,2324,2023/2024,SC Freiburg,Jordy Makengo,367558,27,23.31,23.312799452429843,ESPN
GER-Bundesliga,2324,2023/2024,SC Freiburg,Junior Adamu,305957,28,23.07,23.066392881587955,ESPN
GER-Bundesliga,2324,2023/2024,SC Freiburg,Kenneth Schmidt,337080,12,22.32,22.31895961670089,ESPN
GER-Bundesliga,2324,2023/2024,SC Freiburg,Keven Schlotterbeck,274893,1,27.17,27.173169062286107,ESPN
GER-Bundesliga,2324,2023/2024,SC Freiburg,Kiliann Sildillia,301279,31,22.12,22.12457221081451,ESPN
GER-Bundesliga,2324,2023/2024,SC Freiburg,Lucas Höler,238525,33,29.73,29.730321697467488,ESPN
GER-Bundesliga,2324,2023/2024,SC Freiburg,Lukas Kübler,171701,29,31.83,31.83299110198494,ESPN
GER-Bundesliga,2324,2023/2024,SC Freiburg,Manuel Gulde,136810,32,32.58,32.577686516084874,ESPN
GER-Bundesliga,2324,2023/2024,SC Freiburg,Matthias Ginter,170209,23,30.44,30.444900752908968,ESPN
GER-Bundesliga,2324,2023/2024,SC Freiburg,Max Rosenfelder,367557,1,20.74,20.744695414099933,ESPN
GER-Bundesliga,2324,2023/2024,SC Freiburg,Maximilian Breunig,307892,8,23.88,23.876796714579054,ESPN
GER-Bundesliga,2324,2023/2024,SC Freiburg,Maximilian Eggestein,214203,33,27.88,27.88227241615332,ESPN
GER-Bundesliga,2324,2023/2024,SC Freiburg,Maximilian Philipp,202802,24,30.49,30.48870636550308,ESPN
GER-Bundesliga,2324,2023/2024,SC Freiburg,Merlin Röhl,311963,27,22.15,22.1492128678987,ESPN
GER-Bundesliga,2324,2023/2024,SC Freiburg,Michael Gregoritsch,146804,32,30.2,30.20123203285421,ESPN
GER-Bundesliga,2324,2023/2024,SC Freiburg,Mika Baur,367926,4,19.81,19.811088295687885,ESPN
GER-Bundesliga,2324,2023/2024,SC Freiburg,Nicolas Höfler,149570,28,33.82,33.82340862422998,ESPN
GER-Bundesliga,2324,2023/2024,SC Freiburg,Noah Atubolu,321064,34,22.1,22.099931553730322,ESPN
GER-Bundesliga,2324,2023/2024,SC Freiburg,Noah Weißhaupt,321063,27,22.78,22.77618069815195,ESPN
GER-Bundesliga,2324,2023/2024,SC Freiburg,Philipp Lienhart,219316,16,27.64,27.644079397672826,ESPN
GER-Bundesliga,2324,2023/2024,SC Freiburg,Ritsu Doan,219627,30,26.04,26.039698836413415,ESPN
GER-Bundesliga,2324,2023/2024,SC Freiburg,Roland Sallai,219444,27,27.11,27.107460643394933,ESPN
GER-Bundesliga,2324,2023/2024,SC Freiburg,Ryan Johansson,276324,2,23.37,23.370294318959616,ESPN
GER-Bundesliga,2324,2023/2024,SC Freiburg,Vincenzo Grifo,179571,34,30.99,30.989733059548254,ESPN
GER-Bundesliga,2324,2023/2024,SC Freiburg,Yannik Keitel,266657,25,24.37,24.372347707049965,ESPN
GER-Bundesliga,2324,2023/2024,SV Darmstadt 98,Aaron Seydel,238131,18,27.99,27.994524298425734,ESPN
GER-Bundesliga,2324,2023/2024,SV Darmstadt 98,Alexander Brunst-Zöllner,205910,26,28.98,28.982888432580424,ESPN
GER-Bundesliga,2324,2023/2024,SV Darmstadt 98,Andreas Müller,280184,22,23.95,23.94524298425736,ESPN
GER-Bundesliga,2324,2023/2024,SV Darmstadt 98,Asaf Arania,384169,3,18.7,18.69678302532512,ESPN
GER-Bundesliga,2324,2023/2024,SV Darmstadt 98,Bartol Franjic,291405,26,24.46,24.459958932238195,ESPN
GER-Bundesliga,2324,2023/2024,SV Darmstadt 98,Braydon Manu,289624,4,27.26,27.2580424366872,ESPN
GER-Bundesliga,2324,2023/2024,SV Darmstadt 98,Christoph Klarer,263133,31,24.04,24.043805612594113,ESPN
GER-Bundesliga,2324,2023/2024,SV Darmstadt 98,Christoph Zimmerman,227002,24,30.58,30.579055441478438,ESPN
GER-Bundesliga,2324,2023/2024,SV Darmstadt 98,Clemens Riedel,323737,20,20.95,20.95003422313484,ESPN
GER-Bundesliga,2324,2023/2024,SV Darmstadt 98,Emir Karic,274906,29,26.81,26.8145106091718,ESPN
GER-Bundesliga,2324,2023/2024,SV Darmstadt 98,Fabian Holland,172435,23,33.65,33.64544832306639,ESPN
GER-Bundesliga,2324,2023/2024,SV Darmstadt 98,Fabian Nürnberger,290425,21,24.93,24.92539356605065,ESPN
GER-Bundesliga,2324,2023/2024,SV Darmstadt 98,Fabian Schnellhardt,159153,23,29.58,29.579739904175224,ESPN
GER-Bundesliga,2324,2023/2024,SV Darmstadt 98,Fabio Torsiello,346002,17,19.41,19.405886379192335,ESPN
GER-Bundesliga,2324,2023/2024,SV Darmstadt 98,Filip Stojilkovic,302141,8,24.25,24.246406570841888,ESPN
GER-Bundesliga,2324,2023/2024,SV Darmstadt 98,Frank Ronstadt,238543,6,26.94,26.94318959616701,ESPN
GER-Bundesliga,2324,2023/2024,SV Darmstadt 98,Fraser Hornby,267684,8,24.8,24.79671457905544,ESPN
GER-Bundesliga,2324,2023/2024,SV Darmstadt 98,Gerrit Holtmann,218779,11,29.27,29.267624914442163,ESPN
GER-Bundesliga,2324,2023/2024,SV Darmstadt 98,Jannik Müller,207860,27,30.45,30.4476386036961,ESPN
GER-Bundesliga,2324,2023/2024,SV Darmstadt 98,Julian Justvan,303746,14,26.4,26.401095140314855,ESPN
GER-Bundesliga,2324,2023/2024,SV Darmstadt 98,Klaus Gjasula,208608,27,34.54,34.54346338124572,ESPN
GER-Bundesliga,2324,2023/2024,SV Darmstadt 98,Luca Pfeiffer,279959,30,27.86,27.860369609856264,ESPN
GER-Bundesliga,2324,2023/2024,SV Darmstadt 98,Marcel Schuhen,174525,33,31.46,31.460643394934976,ESPN
GER-Bundesliga,2324,2023/2024,SV Darmstadt 98,Marvin Mehlem,221516,21,26.64,26.639288158795345,ESPN
GER-Bundesliga,2324,2023/2024,SV Darmstadt 98,Matej Maglica,324323,27,25.76,25.763175906913073,ESPN
GER-Bundesliga,2324,2023/2024,SV Darmstadt 98,Mathias Honsak,234457,23,27.53,27.526351813826146,ESPN
GER-Bundesliga,2324,2023/2024,SV Darmstadt 98,Matthias Bader,221515,24,27.04,27.0362765229295,ESPN
GER-Bundesliga,2324,2023/2024,SV Darmstadt 98,Morten Behrens,275802,12,27.49,27.485284052019164,ESPN
GER-Bundesliga,2324,2023/2024,SV Darmstadt 98,Oscar Wilhelmsson,292958,28,21.39,21.385352498288842,ESPN
GER-Bundesliga,2324,2023/2024,SV Darmstadt 98,Sebastian Polter,136593,9,33.49,33.48665297741273,ESPN
GER-Bundesliga,2324,2023/2024,SV Darmstadt 98,Thomas Isherwood,258904,26,26.42,26.420260095824776,ESPN
GER-Bundesliga,2324,2023/2024,SV Darmstadt 98,Tim Skarke,220796,30,27.98,27.975359342915812,ESPN
GER-Bundesliga,2324,2023/2024,SV Darmstadt 98,Tobias Kempe,141327,29,35.01,35.00889801505818,ESPN
GER-Bundesliga,2324,2023/2024,TSG Hoffenheim,Andrej Kramaric,139520,31,33.03,33.0321697467488,ESPN
GER-Bundesliga,2324,2023/2024,TSG Hoffenheim,Angelo Stiller,290232,1,23.24,23.238877481177276,ESPN
GER-Bundesliga,2324,2023/2024,TSG Hoffenheim,Anton Stach,304802,31,25.62,25.623545516769337,ESPN
GER-Bundesliga,2324,2023/2024,TSG Hoffenheim,Attila Szalai,289536,18,26.44,26.442162902121833,ESPN
GER-Bundesliga,2324,2023/2024,TSG Hoffenheim,Bambasé Conté,336355,12,20.98,20.982888432580424,ESPN
GER-Bundesliga,2324,2023/2024,TSG Hoffenheim,David Jurásek,335996,16,23.98,23.978097193702943,ESPN
GER-Bundesliga,2324,2023/2024,TSG Hoffenheim,Dennis Geiger,221466,4,25.73,25.73305954825462,ESPN
GER-Bundesliga,2324,2023/2024,TSG Hoffenheim,Diadie Samassekou,219466,11,27.66,27.66050650239562,ESPN
GER-Bundesliga,2324,2023/2024,TSG Hoffenheim,Finn Becker,287600,32,23.9,23.89869952087611,ESPN
GER-Bundesliga,2324,2023/2024,TSG Hoffenheim,Florian Grillitsch,219304,30,28.98,28.980150581793293,ESPN
GER-Bundesliga,2324,2023/2024,TSG Hoffenheim,Grischa Prömel,218714,28,28.83,28.829568788501028,ESPN
GER-Bundesliga,2324,2023/2024,TSG Hoffenheim,Ihlas Bebou,189541,34,30.19,30.187542778918548,ESPN
GER-Bundesliga,2324,2023/2024,TSG Hoffenheim,John Brooks,39386,31,31.42,31.419575633127995,ESPN
GER-Bundesliga,2324,2023/2024,TSG Hoffenheim,Joshua Quarshie,354014,1,19.93,19.928815879534564,ESPN
GER-Bundesliga,2324,2023/2024,TSG Hoffenheim,Julian Justvan,303746,6,26.4,26.401095140314855,ESPN
GER-Bundesliga,2324,2023/2024,TSG Hoffenheim,Kasim Nuhu,212534,8,29.02,29.023956194387406,ESPN
GER-Bundesliga,2324,2023/2024,TSG Hoffenheim,Kevin Akpoguma,177652,28,29.2,29.19917864476386,ESPN
GER-Bundesliga,2324,2023/2024,TSG Hoffenheim,Kevin Vogt,132973,16,32.77,32.76933607118412,ESPN
GER-Bundesliga,2324,2023/2024,TSG Hoffenheim,Luca Philipp,304795,27,23.59,23.586584531143053,ESPN
GER-Bundesliga,2324,2023/2024,TSG Hoffenheim,Marius Bulter,275797,31,31.26,31.255304585900067,ESPN
GER-Bundesliga,2324,2023/2024,TSG Hoffenheim,Max Moerstedt,372035,4,18.46,18.455852156057496,ESPN
GER-Bundesliga,2324,2023/2024,TSG Hoffenheim,Maximilian Beier,290639,33,21.7,21.702943189596166,ESPN
GER-Bundesliga,2324,2023/2024,TSG Hoffenheim,Mergim Berisha,251413,8,25.65,25.650924024640656,ESPN
GER-Bundesliga,2324,2023/2024,TSG Hoffenheim,Nahuel Nicolas Noll,319415,7,21.29,21.28952772073922,ESPN
GER-Bundesliga,2324,2023/2024,TSG Hoffenheim,Oliver Baumann,138213,34,34.4,34.39561943874059,ESPN
GER-Bundesliga,2324,2023/2024,TSG Hoffenheim,Ozan Kabak,266565,29,24.27,24.265571526351813,ESPN
GER-Bundesliga,2324,2023/2024,TSG Hoffenheim,Pavel Kaderábek,207401,29,32.18,32.18069815195072,ESPN
GER-Bundesliga,2324,2023/2024,TSG Hoffenheim,Robert Skov,218596,31,28.11,28.112251882272417,ESPN
GER-Bundesliga,2324,2023/2024,TSG Hoffenheim,Stanley N'Soki,268808,14,24.82,24.82135523613963,ESPN
GER-Bundesliga,2324,2023/2024,TSG Hoffenheim,Tim Drexler,380916,11,19.07,19.07460643394935,ESPN
GER-Bundesliga,2324,2023/2024,TSG Hoffenheim,Tom Bischof,324660,28,19.01,19.006160164271048,ESPN
GER-Bundesliga,2324,2023/2024,TSG Hoffenheim,Umut Tohumcu,340683,26,19.64,19.641341546885695,ESPN
GER-Bundesliga,2324,2023/2024,TSG Hoffenheim,Wout Weghorst,177042,29,31.98,31.978097193702943,ESPN
GER-Bundesliga,2324,2023/2024,VfB Stuttgart,Alexander Nübel,205750,30,27.75,27.748117727583846,ESPN
GER-Bundesliga,2324,2023/2024,VfB Stuttgart,Angelo Stiller,290232,31,23.24,23.238877481177276,ESPN
GER-Bundesliga,2324,2023/2024,VfB Stuttgart,Anrie Chase,362672,9,20.27,20.268309377138944,ESPN
GER-Bundesliga,2324,2023/2024,VfB Stuttgart,Anthony Rouault,291614,26,23.09,23.08829568788501,ESPN
GER-Bundesliga,2324,2023/2024,VfB Stuttgart,Atakan Karazor,241742,33,27.71,27.71252566735113,ESPN
GER-Bundesliga,2324,2023/2024,VfB Stuttgart,Borna Sosa,228319,2,26.44,26.439425051334702,ESPN
GER-Bundesliga,2324,2023/2024,VfB Stuttgart,Chris Führich,268951,34,25.83,25.828884325804243,ESPN
GER-Bundesliga,2324,2023/2024,VfB Stuttgart,Dan-Axel Zagadou,258870,19,25.32,25.319644079397673,ESPN
GER-Bundesliga,2324,2023/2024,VfB Stuttgart,Deniz Undav,273300,30,27.95,27.94798083504449,ESPN
GER-Bundesliga,2324,2023/2024,VfB Stuttgart,Dennis Seimen,362585,6,19.46,19.463381245722108,ESPN
GER-Bundesliga,2324,2023/2024,VfB Stuttgart,Enzo Millot,297158,32,21.95,21.95482546201232,ESPN
GER-Bundesliga,2324,2023/2024,VfB Stuttgart,Fabian Bredlow,201123,30,29.4,29.404517453798768,ESPN
GER-Bundesliga,2324,2023/2024,VfB Stuttgart,Florian Schock,324319,3,23.11,23.107460643394933,ESPN
GER-Bundesliga,2324,2023/2024,VfB Stuttgart,Genki Haraguchi,205912,26,32.82,32.818617385352496,ESPN
GER-Bundesliga,2324,2023/2024,VfB Stuttgart,Hiroki Ito,97111,26,24.57,24.569472963723477,ESPN
GER-Bundesliga,2324,2023/2024,VfB Stuttgart,Jamie Leweling,290811,34,23.34,23.340177960301162,ESPN
GER-Bundesliga,2324,2023/2024,VfB Stuttgart,Jeong Woo-Yeong,276323,26,24.78,24.777549623545518,ESPN
GER-Bundesliga,2324,2023/2024,VfB Stuttgart,Josha Vagnoman,266839,18,23.63,23.630390143737166,ESPN
GER-Bundesliga,2324,2023/2024,VfB Stuttgart,Jovan Milosevic,364204,15,18.92,18.915811088295687,ESPN
GER-Bundesliga,2324,2023/2024,VfB Stuttgart,Leonidas Stergiou,285866,32,22.33,22.327173169062284,ESPN
GER-Bundesliga,2324,2023/2024,VfB Stuttgart,Lilian Egloff,299468,12,21.86,21.861738535249827,ESPN
GER-Bundesliga,2324,2023/2024,VfB Stuttgart,Luca Raimund,371672,11,18.82,18.819986310746064,ESPN
GER-Bundesliga,2324,2023/2024,VfB Stuttgart,Mahmoud Dahoud,191098,15,28.5,28.49555099247091,ESPN
GER-Bundesliga,2324,2023/2024,VfB Stuttgart,Maximilian Mittelstädt,216225,33,27.29,27.28542094455852,ESPN
GER-Bundesliga,2324,2023/2024,VfB Stuttgart,Mohamed Sankoh,318391,1,20.71,20.706365503080082,ESPN
GER-Bundesliga,2324,2023/2024,VfB Stuttgart,Moussa Cissé,274027,3,21.17,21.17180013689254,ESPN
GER-Bundesliga,2324,2023/2024,VfB Stuttgart,Pascal Stenzel,223266,32,28.28,28.279260780287473,ESPN
GER-Bundesliga,2324,2023/2024,VfB Stuttgart,Raul Paula,379226,4,20.43,20.42984257357974,ESPN
GER-Bundesliga,2324,2023/2024,VfB Stuttgart,Roberto Massimo,268123,12,23.55,23.55373032169747,ESPN
GER-Bundesliga,2324,2023/2024,VfB Stuttgart,Samuele Di Benedetto,378330,3,18.96,18.95687885010267,ESPN
GER-Bundesliga,2324,2023/2024,VfB Stuttgart,Serhou Guirassy,186381,28,27.57,27.572895277207394,ESPN
GER-Bundesliga,2324,2023/2024,VfB Stuttgart,Silas Katompa-Mvumpa,279282,28,26.06,26.05612594113621,ESPN
GER-Bundesliga,2324,2023/2024,VfB Stuttgart,Thomas Kastanaras,345393,2,20.83,20.829568788501028,ESPN
GER-Bundesliga,2324,2023/2024,VfB Stuttgart,Waldemar Anton,220714,33,27.95,27.94524298425736,ESPN
GER-Bundesliga,2324,2023/2024,VfL Bochum,Agon Elezi,275251,5,23.49,23.488021902806295,ESPN
GER-Bundesliga,2324,2023/2024,VfL Bochum,Andreas Luthe,135807,12,36.74,36.7419575633128,ESPN
GER-Bundesliga,2324,2023/2024,VfL Bochum,Anthony Losilla,150326,31,37.74,37.74127310061601,ESPN
GER-Bundesliga,2324,2023/2024,VfL Bochum,Bernardo,218980,33,29.13,29.130732375085557,ESPN
GER-Bundesliga,2324,2023/2024,VfL Bochum,Christopher Antwi-Adjei,259252,27,30.0,29.9958932238193,ESPN
GER-Bundesliga,2324,2023/2024,VfL Bochum,Cristian Gamboa,141429,32,34.68,34.68309377138946,ESPN
GER-Bundesliga,2324,2023/2024,VfL Bochum,Danilo Soares,189538,16,32.67,32.67077344284736,ESPN
GER-Bundesliga,2324,2023/2024,VfL Bochum,Erhan Masovic,237807,32,25.6,25.60438056125941,ESPN
GER-Bundesliga,2324,2023/2024,VfL Bochum,Felix Passlack,225573,26,26.09,26.088980150581794,ESPN
GER-Bundesliga,2324,2023/2024,VfL Bochum,Gonçalo Paciência,215726,27,30.48,30.47501711156742,ESPN
GER-Bundesliga,2324,2023/2024,VfL Bochum,Hugo Rölleke,381065,2,19.07,19.069130732375086,ESPN
GER-Bundesliga,2324,2023/2024,VfL Bochum,Ivan Ordets,171967,26,31.9,31.89596167008898,ESPN
GER-Bundesliga,2324,2023/2024,VfL Bochum,Jordi Osei-Tutu,267300,1,26.38,26.38466803559206,ESPN
GER-Bundesliga,2324,2023/2024,VfL Bochum,Keven Schlotterbeck,274893,29,27.17,27.173169062286107,ESPN
GER-Bundesliga,2324,2023/2024,VfL Bochum,Kevin Stöger,175006,32,30.84,30.84188911704312,ESPN
GER-Bundesliga,2324,2023/2024,VfL Bochum,Lukas Daschner,255359,33,26.47,26.469541409993155,ESPN
GER-Bundesliga,2324,2023/2024,VfL Bochum,Manuel Riemann,137226,33,35.81,35.80561259411362,ESPN
GER-Bundesliga,2324,2023/2024,VfL Bochum,Matús Bero,191945,24,29.06,29.059548254620122,ESPN
GER-Bundesliga,2324,2023/2024,VfL Bochum,Maximilian Wittek,207139,32,28.86,28.859685147159478,ESPN
GER-Bundesliga,2324,2023/2024,VfL Bochum,Michael Esser,149046,1,36.61,36.60506502395619,ESPN
GER-Bundesliga,2324,2023/2024,VfL Bochum,Moritz Broschinski,291976,30,23.77,23.76728268309377,ESPN
GER-Bundesliga,2324,2023/2024,VfL Bochum,Moritz Römling,283146,2,23.17,23.16769336071184,ESPN
GER-Bundesliga,2324,2023/2024,VfL Bochum,Moritz-Broni Kwarteng,275804,17,26.17,26.17385352498289,ESPN
GER-Bundesliga,2324,2023/2024,VfL Bochum,Niclas Thiede,274892,20,25.21,25.21286789869952,ESPN
GER-Bundesliga,2324,2023/2024,VfL Bochum,Noah Loosli,230964,26,27.43,27.433264887063654,ESPN
GER-Bundesliga,2324,2023/2024,VfL Bochum,Patrick Osterhage,291203,27,24.49,24.49281314168378,ESPN
GER-Bundesliga,2324,2023/2024,VfL Bochum,Philipp Förster,252380,25,29.25,29.245722108145106,ESPN
GER-Bundesliga,2324,2023/2024,VfL Bochum,Philipp Hofmann,169412,31,31.25,31.252566735112936,ESPN
GER-Bundesliga,2324,2023/2024,VfL Bochum,Simon Zoller,153654,1,33.01,33.01300479123888,ESPN
GER-Bundesliga,2324,2023/2024,VfL Bochum,Takuma Asano,201469,29,29.72,29.71937029431896,ESPN
GER-Bundesliga,2324,2023/2024,VfL Bochum,Tim Oermann,346376,18,21.06,21.05681040383299,ESPN
GER-Bundesliga,2324,2023/2024,VfL Wolfsburg,Amin Sarr,303752,20,22.66,22.65571526351814,ESPN
GER-Bundesliga,2324,2023/2024,VfL Wolfsburg,Anders Börset,336995,1,18.35,18.351813826146476,ESPN
GER-Bundesliga,2324,2023/2024,VfL Wolfsburg,Aster Vranckx,290798,27,22.22,22.223134839151268,ESPN
GER-Bundesliga,2324,2023/2024,VfL Wolfsburg,Bennit Bröger,384501,1,18.48,18.477754962354553,ESPN
GER-Bundesliga,2324,2023/2024,VfL Wolfsburg,Cédric Zesiger,245808,33,26.02,26.017796030116358,ESPN
GER-Bundesliga,2324,2023/2024,VfL Wolfsburg,Dzenan Pejcinovic,345905,8,19.37,19.370294318959616,ESPN
GER-Bundesliga,2324,2023/2024,VfL Wolfsburg,Jakub Kaminski,304933,29,22.15,22.151950718685832,ESPN
GER-Bundesliga,2324,2023/2024,VfL Wolfsburg,Joakim Maehle,238870,31,27.11,27.1129363449692,ESPN
GER-Bundesliga,2324,2023/2024,VfL Wolfsburg,Jonas Wind,271215,34,25.0,24.996577686516083,ESPN
GER-Bundesliga,2324,2023/2024,VfL Wolfsburg,Kevin Behrens,221614,15,33.33,33.3305954825462,ESPN
GER-Bundesliga,2324,2023/2024,VfL Wolfsburg,Kevin Paredes,183529,31,20.99,20.98836413415469,ESPN
GER-Bundesliga,2324,2023/2024,VfL Wolfsburg,Kilian Fischer,321247,24,23.55,23.55373032169747,ESPN
GER-Bundesliga,2324,2023/2024,VfL Wolfsburg,Koen Casteels,140079,25,32.01,32.01368925393566,ESPN
GER-Bundesliga,2324,2023/2024,VfL Wolfsburg,Kofi Amoako,377704,6,19.07,19.069130732375086,ESPN
GER-Bundesliga,2324,2023/2024,VfL Wolfsburg,Lovro Majer,237549,34,26.45,26.45037645448323,ESPN
GER-Bundesliga,2324,2023/2024,VfL Wolfsburg,Lukas Nmecha,258956,3,25.54,25.544147843942504,ESPN
GER-Bundesliga,2324,2023/2024,VfL Wolfsburg,Mattias Svanberg,220120,29,25.17,25.166324435318277,ESPN
GER-Bundesliga,2324,2023/2024,VfL Wolfsburg,Maxence Lacroix,265918,28,24.07,24.071184120465436,ESPN
GER-Bundesliga,2324,2023/2024,VfL Wolfsburg,Maximilian Arnold,169037,30,30.09,30.094455852156056,ESPN
GER-Bundesliga,2324,2023/2024,VfL Wolfsburg,Moritz Jenz,264245,28,25.17,25.169062286105408,ESPN
GER-Bundesliga,2324,2023/2024,VfL Wolfsburg,Nicolas Cozza,259022,14,24.91,24.914442162902123,ESPN
GER-Bundesliga,2324,2023/2024,VfL Wolfsburg,Niklas Klinger,233971,7,28.71,28.71457905544148,ESPN
GER-Bundesliga,2324,2023/2024,VfL Wolfsburg,Patrick Wimmer,300095,18,23.09,23.085557837097877,ESPN
GER-Bundesliga,2324,2023/2024,VfL Wolfsburg,Pavao Pervan,149841,34,36.63,36.629705681040384,ESPN
GER-Bundesliga,2324,2023/2024,VfL Wolfsburg,Philipp Schulze,324543,4,21.42,21.418206707734427,ESPN
GER-Bundesliga,2324,2023/2024,VfL Wolfsburg,Ridle Baku,258963,33,25.91,25.905544147843944,ESPN
GER-Bundesliga,2324,2023/2024,VfL Wolfsburg,Rogério,228397,16,26.46,26.46132785763176,ESPN
GER-Bundesliga,2324,2023/2024,VfL Wolfsburg,Sebastiaan Bornauw,271130,27,25.28,25.27583846680356,ESPN
GER-Bundesliga,2324,2023/2024,VfL Wolfsburg,Tiago Tomás,304019,28,22.04,22.039698836413415,ESPN
GER-Bundesliga,2324,2023/2024,VfL Wolfsburg,Václav Cerný,217476,30,26.7,26.702258726899384,ESPN
GER-Bundesliga,2324,2023/2024,VfL Wolfsburg,Yannick Gerhardt,189529,30,30.3,30.299794661190965,ESPN
GER-Bundesliga,2324,2023/2024,Werder Bremen,Amos Pieper,275844,12,26.45,26.45037645448323,ESPN
GER-Bundesliga,2324,2023/2024,Werder Bremen,Anthony Jung,169753,32,33.31,33.30595482546201,ESPN
GER-Bundesliga,2324,2023/2024,Werder Bremen,Christian Groß,136681,31,34.91,34.91033538672142,ESPN
GER-Bundesliga,2324,2023/2024,Werder Bremen,Cimo Röcker,174554,11,30.44,30.439425051334702,ESPN
GER-Bundesliga,2324,2023/2024,Werder Bremen,Dawid Kownacki,220060,32,27.3,27.29637234770705,ESPN
GER-Bundesliga,2324,2023/2024,Werder Bremen,Dudu,307267,9,24.74,24.744695414099933,ESPN
GER-Bundesliga,2324,2023/2024,Werder Bremen,Felix Agu,279961,29,24.76,24.758384668035593,ESPN
GER-Bundesliga,2324,2023/2024,Werder Bremen,Ilia Gruev,30116,2,24.07,24.0684462696783,ESPN
GER-Bundesliga,2324,2023/2024,Werder Bremen,Isak Hansen-Aarøen,308227,10,19.85,19.854893908281998,ESPN
GER-Bundesliga,2324,2023/2024,Werder Bremen,Jakob Löpping,378426,1,21.03,21.02943189596167,ESPN
GER-Bundesliga,2324,2023/2024,Werder Bremen,Jens Stage,234757,30,27.89,27.88501026694045,ESPN
GER-Bundesliga,2324,2023/2024,Werder Bremen,Jirí Pavlenka,212928,24,32.21,32.21081451060917,ESPN
GER-Bundesliga,2324,2023/2024,Werder Bremen,Joel Imasuen,382809,2,19.67,19.67419575633128,ESPN
GER-Bundesliga,2324,2023/2024,Werder Bremen,Julian Malatini,309487,17,23.08,23.082819986310746,ESPN
GER-Bundesliga,2324,2023/2024,Werder Bremen,Justin Njinmah,340639,26,23.62,23.62217659137577,ESPN
GER-Bundesliga,2324,2023/2024,Werder Bremen,Kein Sato,350913,3,22.64,22.64476386036961,ESPN
GER-Bundesliga,2324,2023/2024,Werder Bremen,Leon Opitz,360880,14,18.65,18.652977412731005,ESPN
GER-Bundesliga,2324,2023/2024,Werder Bremen,Leonardo Bittencourt,157560,32,30.53,30.529774127310063,ESPN
GER-Bundesliga,2324,2023/2024,Werder Bremen,Marco Friedl,232477,25,26.29,26.29158110882957,ESPN
GER-Bundesliga,2324,2023/2024,Werder Bremen,Marvin Ducksch,159150,33,29.99,29.99315537303217,ESPN
GER-Bundesliga,2324,2023/2024,Werder Bremen,Michael Zetterer,184550,34,28.56,28.56399726214921,ESPN
GER-Bundesliga,2324,2023/2024,Werder Bremen,Milos Veljkovic,197342,24,28.76,28.761122518822724,ESPN
GER-Bundesliga,2324,2023/2024,Werder Bremen,Mitchell Weiser,159139,31,30.19,30.193018480492814,ESPN
GER-Bundesliga,2324,2023/2024,Werder Bremen,Naby Keïta,196567,12,28.74,28.744695414099933,ESPN
GER-Bundesliga,2324,2023/2024,Werder Bremen,Nick Woltemade,298349,33,22.37,22.373716632443532,ESPN
GER-Bundesliga,2324,2023/2024,Werder Bremen,Niclas Füllkrug,170257,2,30.83,30.82546201232033,ESPN
GER-Bundesliga,2324,2023/2024,Werder Bremen,Nicolai Rapp,216080,11,27.55,27.54551676933607,ESPN
GER-Bundesliga,2324,2023/2024,Werder Bremen,Niklas Stark,186026,20,29.21,29.21286789869952,ESPN
GER-Bundesliga,2324,2023/2024,Werder Bremen,Oliver Burke,212478,1,26.99,26.989733059548254,ESPN
GER-Bundesliga,2324,2023/2024,Werder Bremen,Olivier Deman,282388,30,24.07,24.071184120465436,ESPN
GER-Bundesliga,2324,2023/2024,Werder Bremen,Rafael Borré,197052,20,28.79,28.791238877481177,ESPN
GER-Bundesliga,2324,2023/2024,Werder Bremen,Romano Schmid,238296,33,24.42,24.424366872005475,ESPN
GER-Bundesliga,2324,2023/2024,Werder Bremen,Senne Lynen,270389,33,25.36,25.360711841204655,ESPN
GER-Bundesliga,2324,2023/2024,Werder Bremen,Skelly Alvero,330964,9,22.24,22.236824093086927,ESPN
GER-Bundesliga,2324,2023/2024,Werder Bremen,Spyros Angelidis,374816,1,19.42,19.419575633127995,ESPN
